{
  "backprop" : true,
  "backpropType" : "Standard",
  "confs" : [ {
    "iterationCount" : 0,
    "l1ByParam" : {
      "b" : 0.0,
      "W" : 0.0,
      "vb" : 0.0
    },
    "l2ByParam" : {
      "b" : 0.0,
      "W" : 0.0,
      "vb" : 0.0
    },
    "layer" : {
      "autoEncoder" : {
        "activationFn" : {
          "LReLU" : {
            "alpha" : 0.01
          }
        },
        "adamMeanDecay" : "NaN",
        "adamVarDecay" : "NaN",
        "biasInit" : 0.0,
        "biasLearningRate" : 0.008,
        "corruptionLevel" : 0.2,
        "dist" : null,
        "dropOut" : 0.0,
        "epsilon" : "NaN",
        "gradientNormalization" : "None",
        "gradientNormalizationThreshold" : 1.0,
        "l1" : 0.0,
        "l1Bias" : 0.0,
        "l2" : 0.0,
        "l2Bias" : 0.0,
        "layerName" : "layer0",
        "learningRate" : 0.008,
        "learningRateSchedule" : null,
        "lossFunction" : "XENT",
        "momentum" : 0.9,
        "momentumSchedule" : { },
        "nin" : 48,
        "nout" : 48,
        "preTrainIterations" : 1,
        "rho" : "NaN",
        "rmsDecay" : "NaN",
        "sparsity" : 0.0,
        "updater" : "NESTEROVS",
        "visibleBiasInit" : 0.0,
        "weightInit" : "XAVIER"
      }
    },
    "leakyreluAlpha" : 0.0,
    "learningRateByParam" : {
      "b" : 0.008,
      "W" : 0.008,
      "vb" : 0.008
    },
    "learningRatePolicy" : "None",
    "lrPolicyDecayRate" : "NaN",
    "lrPolicyPower" : "NaN",
    "lrPolicySteps" : "NaN",
    "maxNumLineSearchIterations" : 5,
    "miniBatch" : true,
    "minimize" : true,
    "numIterations" : 1200,
    "optimizationAlgo" : "STOCHASTIC_GRADIENT_DESCENT",
    "pretrain" : false,
    "seed" : 1510061074088,
    "stepFunction" : null,
    "useDropConnect" : false,
    "useRegularization" : false,
    "variables" : [ "W", "b", "vb" ]
  }, {
    "iterationCount" : 0,
    "l1ByParam" : {
      "b" : 0.0,
      "W" : 0.0,
      "vb" : 0.0
    },
    "l2ByParam" : {
      "b" : 0.0,
      "W" : 0.0,
      "vb" : 0.0
    },
    "layer" : {
      "autoEncoder" : {
        "activationFn" : {
          "LReLU" : {
            "alpha" : 0.01
          }
        },
        "adamMeanDecay" : "NaN",
        "adamVarDecay" : "NaN",
        "biasInit" : 0.0,
        "biasLearningRate" : 0.008,
        "corruptionLevel" : 0.30000001192092896,
        "dist" : null,
        "dropOut" : 0.0,
        "epsilon" : "NaN",
        "gradientNormalization" : "None",
        "gradientNormalizationThreshold" : 1.0,
        "l1" : 0.0,
        "l1Bias" : 0.0,
        "l2" : 0.0,
        "l2Bias" : 0.0,
        "layerName" : "layer1",
        "learningRate" : 0.008,
        "learningRateSchedule" : null,
        "lossFunction" : "MCXENT",
        "momentum" : 0.9,
        "momentumSchedule" : { },
        "nin" : 48,
        "nout" : 24,
        "preTrainIterations" : 1,
        "rho" : "NaN",
        "rmsDecay" : "NaN",
        "sparsity" : 0.0,
        "updater" : "NESTEROVS",
        "visibleBiasInit" : 0.0,
        "weightInit" : "XAVIER"
      }
    },
    "leakyreluAlpha" : 0.0,
    "learningRateByParam" : {
      "b" : 0.008,
      "W" : 0.008,
      "vb" : 0.008
    },
    "learningRatePolicy" : "None",
    "lrPolicyDecayRate" : "NaN",
    "lrPolicyPower" : "NaN",
    "lrPolicySteps" : "NaN",
    "maxNumLineSearchIterations" : 5,
    "miniBatch" : true,
    "minimize" : true,
    "numIterations" : 1200,
    "optimizationAlgo" : "STOCHASTIC_GRADIENT_DESCENT",
    "pretrain" : false,
    "seed" : 1510061074088,
    "stepFunction" : null,
    "useDropConnect" : false,
    "useRegularization" : false,
    "variables" : [ "W", "b", "vb" ]
  }, {
    "iterationCount" : 0,
    "l1ByParam" : {
      "b" : 0.0,
      "W" : 0.0,
      "vb" : 0.0
    },
    "l2ByParam" : {
      "b" : 0.0,
      "W" : 0.0,
      "vb" : 0.0
    },
    "layer" : {
      "autoEncoder" : {
        "activationFn" : {
          "ReLU" : { }
        },
        "adamMeanDecay" : "NaN",
        "adamVarDecay" : "NaN",
        "biasInit" : 0.0,
        "biasLearningRate" : 0.008,
        "corruptionLevel" : 0.30000001192092896,
        "dist" : null,
        "dropOut" : 0.0,
        "epsilon" : "NaN",
        "gradientNormalization" : "None",
        "gradientNormalizationThreshold" : 1.0,
        "l1" : 0.0,
        "l1Bias" : 0.0,
        "l2" : 0.0,
        "l2Bias" : 0.0,
        "layerName" : "layer2",
        "learningRate" : 0.008,
        "learningRateSchedule" : null,
        "lossFunction" : "MCXENT",
        "momentum" : 0.9,
        "momentumSchedule" : { },
        "nin" : 24,
        "nout" : 12,
        "preTrainIterations" : 1,
        "rho" : "NaN",
        "rmsDecay" : "NaN",
        "sparsity" : 0.0,
        "updater" : "NESTEROVS",
        "visibleBiasInit" : 0.0,
        "weightInit" : "XAVIER"
      }
    },
    "leakyreluAlpha" : 0.0,
    "learningRateByParam" : {
      "b" : 0.008,
      "W" : 0.008,
      "vb" : 0.008
    },
    "learningRatePolicy" : "None",
    "lrPolicyDecayRate" : "NaN",
    "lrPolicyPower" : "NaN",
    "lrPolicySteps" : "NaN",
    "maxNumLineSearchIterations" : 5,
    "miniBatch" : true,
    "minimize" : true,
    "numIterations" : 1200,
    "optimizationAlgo" : "STOCHASTIC_GRADIENT_DESCENT",
    "pretrain" : false,
    "seed" : 1510061074088,
    "stepFunction" : null,
    "useDropConnect" : false,
    "useRegularization" : false,
    "variables" : [ "W", "b", "vb" ]
  }, {
    "iterationCount" : 1200,
    "l1ByParam" : {
      "b" : 0.0,
      "W" : 0.0
    },
    "l2ByParam" : {
      "b" : 0.0,
      "W" : 0.0
    },
    "layer" : {
      "output" : {
        "activationFn" : {
          "Softmax" : { }
        },
        "adamMeanDecay" : "NaN",
        "adamVarDecay" : "NaN",
        "biasInit" : 0.0,
        "biasLearningRate" : 0.008,
        "dist" : null,
        "dropOut" : 0.0,
        "epsilon" : "NaN",
        "gradientNormalization" : "None",
        "gradientNormalizationThreshold" : 1.0,
        "l1" : 0.0,
        "l1Bias" : 0.0,
        "l2" : 0.0,
        "l2Bias" : 0.0,
        "layerName" : "layer3",
        "learningRate" : 0.008,
        "learningRateSchedule" : null,
        "lossFn" : {
          "NegativeLogLikelihood" : { }
        },
        "lossFunction" : "NEGATIVELOGLIKELIHOOD",
        "momentum" : 0.9,
        "momentumSchedule" : { },
        "nin" : 12,
        "nout" : 2,
        "rho" : "NaN",
        "rmsDecay" : "NaN",
        "updater" : "NESTEROVS",
        "weightInit" : "XAVIER"
      }
    },
    "leakyreluAlpha" : 0.0,
    "learningRateByParam" : {
      "b" : 0.008,
      "W" : 0.008
    },
    "learningRatePolicy" : "None",
    "lrPolicyDecayRate" : "NaN",
    "lrPolicyPower" : "NaN",
    "lrPolicySteps" : "NaN",
    "maxNumLineSearchIterations" : 5,
    "miniBatch" : true,
    "minimize" : true,
    "numIterations" : 1200,
    "optimizationAlgo" : "STOCHASTIC_GRADIENT_DESCENT",
    "pretrain" : false,
    "seed" : 1510061074088,
    "stepFunction" : null,
    "useDropConnect" : false,
    "useRegularization" : false,
    "variables" : [ "W", "b" ]
  } ],
  "inputPreProcessors" : { },
  "iterationCount" : 1200,
  "pretrain" : false,
  "tbpttBackLength" : 20,
  "tbpttFwdLength" : 20
}